B00004	에서 모든 기록을 지우세요
B00017	새 기록을 저장할 여유 용량이
B00019	앞 기록을 안 지우면　새 기록은
B00022	본체RAM
B00024	이대로 게임 진행
B00025	CD 읽기 중 피할 수 없는
B00027	CD에 흠집이 있으면 이
B00038	다이어트로 아이템 사용 불가
B00102	우승상・쿄메이
B00103	카에데
B00104	요코
B00105	미사키
B00106	얼음미도리
B00107	질풍 마코
B00108	섬광 아코
B00109	은막 미키
B00112	투혼 마미
B00115	가문・혈통의 루미나에프
B00121	에리카
B00126	유나
B00391	여유 용량 73 필요
B00625	미라주「유나 씨를 괴롭히는 자는\n용서하지 않아요{!!}\n파이어!
B00632	미라주「유나 씨를\n괴롭히는 자는\n용서하지 않아요!
B00694	우승상・쿄메이
B00940	류디아「그래……\n난 이번엔　전투에 못 끼지만\n할 수 있는 데까진 도와줄게！
B00945	유나「으응……엄마 아빠는\n지금쯤 뭘 할까…
