D00194	엘나「적 병사 수를 생각하면\n아군이 이 정도로는 대항 못 해요\n압도적인 전력 부족이에요!
D00415	유나「그, 그런 게 아니라\n난 그냥…
D00573	「나는 육화전의 『오우카』!\n어때? 계절마저 자유롭게 다루는\n우리 기계화 제국의 기술은!
D00663	시오리「어머~~~~?\n몸이~~움직이~~지~~않~~게~~\n돼~~버렸~어~요………
D00765	「차원의 뒤틀림으로 생긴 공간이라\n한번 헤매어 들어오면 못 빠져나와\n조난한 배도 수없이 많아요…
D00938	「그리고 콜로니 주민을 방패 삼아\n당시 지휘하던 『쿄메이 님』을\n싸우지도 못하게 가둬 버렸어요…
D01086	엘나「여기는 모의 전투를 하는\n방인 것 같아요……여기서\n천성 최심부까지 멀지 않아요…
D01423	「돌변한 그녀는　그 두뇌를 써서\n『요기 삼자매』『사천기』…　그리고\n『육화전』을 만들어 낸 것입니다…
D01449	쿄메이「『켄포』 님의 기운이\n느껴집니다！ 역시　저곳에\n봉인되어 있는 것 같습니다{!!}
D01667	쿄메이「빛의 구세주 유나 전!\n저희 삼현기 쿄메이와 켄포…\n당신에게 전부를 맡기겠습니다!
D01799	「나는 폐하의 마음을 모르겠어……\n부탁이다 뱌카… 그리고 유나……\n폐하를 부탁한다… 옛 폐하로……
