B00046	공격위성 녹
B00047	공격위성 청
B00048	굣카
B00051	엘리먼트 페어리
B00057	무겐
B00058	카피 폴리리나
B00059	카피 유리
B00060	카피 유나
B00061	황기 사룡
B00062	황기 맹기
B00063	황기 격덕
B00064	투술기 왕아
B00065	투술기 쌍아
B00066	투술기 갑아
B00067	투술기 사아
B00068	투술기 호아
B00069	투술기 낭아
B00070	위생기 특사
B00071	위생기 전사
B00072	위생기 정사
B00073	위생기 회사
B00074	저격기 특렵
B00075	저격기 일렵
B00076	저격기 이렵
B00077	저격기 삼렵
B00078	특과기 박포
B00079	특과기 고포
B00080	특과기 돌포
B00081	전기 일전
B00082	전기 이전
B00083	전기 삼전
B00084	교쿠슈
B00086	린마
B00087	미키
B00088	코쇼
B00089	류레이
B00090	아지사이
B00091	토우카
B00092	친카
B00093	란카
B00094	오우카
B00095	킷카
B00096	겐무
B00097	쿄카
B00099	아야코
B00101	켄포
B00102	쿄메이
B00106	미도리
B00107	마코
B00108	아코
B00109	미키
B00110	세리카
B00111	루이
B00112	마미
B00113	사유카
B00114	에밀리
B00115	루미나에프
B00116	알레프치나
B00117	히메
B00118	요시카
B00119	마리
B00120	레이미
B00122	시오리
B00123	마이
B00125	유리
B00638	공격위성 녹
B00639	공격위성 청
B00640	굣카
B00643	엘리먼트 페어리
B00644	잠풀
B00649	무겐
B00650	카피 폴리리나
B00651	카피 유리
B00652	카피 유나
B00653	황기 사룡
B00654	황기 맹기
B00655	황기 격덕
B00656	투술기 왕아
B00657	투술기 쌍아
B00658	투술기 갑아
B00659	투술기 사아
B00660	투술기 호아
B00661	투술기 낭아
B00662	위생기 특사
B00663	위생기 전사
B00664	위생기 정사
B00665	위생기 회사
B00666	저격기 특렵
B00667	저격기 일렵
B00668	저격기 이렵
B00669	저격기 삼렵
B00670	특과기 박포
B00671	특과기 고포
B00672	특과기 돌포
B00673	전기 일전
B00674	전기 이전
B00675	전기 삼전
B00676	교쿠슈
B00678	린마
B00679	미키
B00680	코쇼
B00681	류레이
B00682	아지사이
B00683	토우카
B00684	친카
B00685	란카
B00686	오우카
B00687	킷카
B00688	겐무
B00689	쿄카
B00691	아야코
B00693	켄포
B00694	쿄메이
B00695	카에데
B00696	요코
B00698	미도리
B00699	마코
B00700	아코
B00701	미키
B00702	세리카
B00703	루이
B00704	마미
B00705	사유카
B00706	에밀리
B00707	루미나에프
B00708	알레프치나
B00709	히메
B00710	요시카
B00711	마리
B00712	레이미
B00714	시오리
B00715	마이
B00717	유리
